Gender,LastName,Age,Weight,Smoker,Systolic,Diastolic,Height,Location,HealthStatus,LastVisit
Male,Smith,38,176,1,124,93,71,County General Hospital,Excellent,05-Oct-2011 15:03:00
Male,Johnson,43,163,0,109,77,69,VA Hospital,Fair,23-Nov-2007 09:40:00
Female,Williams,38,131,0,125,83,64,St. Mary's Medical Center,Good,09-Feb-2012 19:02:00
Female,Jones,40,133,0,117,75,67,VA Hospital,Fair,15-Nov-2011 12:04:00
Female,Brown,49,119,0,122,80,64,County General Hospital,Good,05-Aug-2013 08:31:00
Female,Davis,46,142,0,121,70,68,St. Mary's Medical Center,Good,17-Feb-2013 22:05:00
Female,Miller,33,142,1,130,88,64,VA Hospital,Good,08-Apr-2013 21:49:00
Male,Wilson,40,180,0,115,82,68,VA Hospital,Good,19-Jul-2007 13:49:00
Male,Moore,28,183,0,115,78,68,St. Mary's Medical Center,Excellent,20-Dec-2007 14:43:00
Female,Taylor,31,132,0,118,86,66,County General Hospital,Excellent,21-Dec-2010 14:08:00
Female,Anderson,45,128,0,114,77,68,County General Hospital,Excellent,13-Feb-2012 04:39:00
Female,Thomas,42,137,0,115,68,66,St. Mary's Medical Center,Poor,03-Dec-2013 07:31:00
Male,Jackson,25,174,0,127,74,71,VA Hospital,Poor,07-Dec-2011 11:58:00
Male,White,39,202,1,130,95,72,VA Hospital,Excellent,26-Jun-2015 05:38:00
Female,Harris,36,129,0,114,79,65,St. Mary's Medical Center,Good,05-Oct-2014 20:48:00
Male,Martin,48,181,1,130,92,71,VA Hospital,Good,24-Feb-2016 04:27:00
Male,Thompson,32,191,1,124,95,69,St. Mary's Medical Center,Excellent,16-Jun-2012 05:25:00
Female,Garcia,27,131,1,123,79,69,VA Hospital,Fair,28-Nov-2010 04:49:00
Male,Martinez,37,179,0,119,77,70,County General Hospital,Good,03-Oct-2008 05:05:00
Male,Robinson,50,172,0,125,76,68,County General Hospital,Good,13-Dec-2013 10:07:00
Female,Clark,48,133,0,121,75,65,VA Hospital,Excellent,03-Aug-2014 07:10:00
Female,Rodriguez,39,117,0,123,79,64,VA Hospital,Fair,27-Jan-2011 22:23:00
Female,Lewis,41,137,0,114,88,62,VA Hospital,Fair,01-Nov-2007 10:49:00
Female,Lee,44,146,1,128,90,66,County General Hospital,Fair,22-Dec-2009 04:48:00
Female,Walker,28,123,1,129,96,65,County General Hospital,Good,23-Sep-2008 21:03:00
Male,Hall,25,189,0,114,77,70,VA Hospital,Poor,25-Oct-2009 23:23:00
Female,Allen,39,143,0,113,80,63,VA Hospital,Excellent,03-Sep-2011 10:31:00
Female,Young,25,114,0,125,76,63,County General Hospital,Good,12-May-2012 02:25:00
Male,Hernandez,36,166,0,120,83,68,County General Hospital,Poor,08-Aug-2011 06:39:00
Male,King,30,186,1,127,89,67,County General Hospital,Excellent,23-Mar-2015 09:37:00
Female,Wright,45,126,1,134,92,70,VA Hospital,Excellent,13-Sep-2012 14:17:00
Female,Lopez,40,137,0,121,83,66,VA Hospital,Poor,26-Jan-2016 06:25:00
Female,Hill,25,138,0,115,80,64,St. Mary's Medical Center,Excellent,06-Apr-2013 14:00:00
Male,Scott,47,187,0,127,84,70,St. Mary's Medical Center,Excellent,08-Jan-2016 17:59:00
Male,Green,44,193,0,121,92,71,County General Hospital,Good,05-Feb-2009 05:10:00
Female,Adams,48,137,0,127,83,66,VA Hospital,Excellent,04-Oct-2013 02:06:00
Male,Baker,44,192,1,136,90,71,VA Hospital,Good,25-Sep-2009 07:22:00
Female,Gonzalez,35,118,0,117,85,66,St. Mary's Medical Center,Fair,17-Apr-2013 07:11:00
Male,Nelson,33,180,1,124,90,66,St. Mary's Medical Center,Good,16-Dec-2013 10:29:00
Female,Carter,38,128,0,120,74,63,St. Mary's Medical Center,Good,05-Jan-2007 12:20:00
Male,Mitchell,39,164,1,128,92,71,County General Hospital,Fair,24-Jun-2009 02:57:00
Male,Perez,44,183,0,116,80,69,VA Hospital,Excellent,18-May-2009 06:55:00
Male,Roberts,44,169,1,132,89,70,VA Hospital,Good,10-Oct-2013 19:03:00
Male,Turner,37,194,1,137,96,70,VA Hospital,Excellent,15-Oct-2015 00:44:00
Male,Phillips,45,172,0,117,89,67,VA Hospital,Good,12-Mar-2010 22:16:00
Female,Campbell,37,135,0,116,77,65,County General Hospital,Fair,03-Jun-2014 17:25:00
Male,Parker,30,182,0,119,81,68,VA Hospital,Poor,07-Jun-2013 11:32:00
Female,Evans,39,121,0,123,76,62,County General Hospital,Good,04-Aug-2007 13:56:00
Male,Edwards,42,158,0,116,83,70,County General Hospital,Excellent,06-Sep-2013 05:25:00
Male,Collins,42,179,1,124,78,67,County General Hospital,Good,07-Oct-2010 11:58:00
Male,Stewart,49,170,1,129,95,68,County General Hospital,Poor,12-Apr-2016 23:18:00
Female,Sanchez,44,136,1,130,91,62,St. Mary's Medical Center,Good,02-Sep-2007 13:42:00
Female,Morris,43,135,1,132,91,64,County General Hospital,Poor,26-Aug-2011 12:39:00
Female,Rogers,47,147,0,117,86,66,VA Hospital,Excellent,27-Feb-2011 05:32:00
Male,Reed,50,186,1,129,89,72,VA Hospital,Excellent,14-Feb-2011 11:41:00
Female,Cook,38,124,0,118,79,63,VA Hospital,Excellent,14-Jun-2014 14:39:00
Female,Morgan,41,134,0,120,74,66,St. Mary's Medical Center,Good,10-Dec-2010 16:10:00
Male,Bell,45,170,1,138,82,70,St. Mary's Medical Center,Good,26-May-2014 09:07:00
Male,Murphy,36,180,0,117,76,71,VA Hospital,Good,11-Aug-2011 08:59:00
Female,Bailey,38,130,0,113,81,68,St. Mary's Medical Center,Good,04-Mar-2007 23:10:00
Female,Rivera,29,130,0,122,77,63,County General Hospital,Excellent,22-Oct-2008 00:01:00
Female,Cooper,28,127,0,115,73,65,VA Hospital,Good,11-Apr-2014 21:33:00
Female,Richardson,30,141,0,120,85,67,County General Hospital,Excellent,07-Jul-2011 21:52:00
Female,Cox,28,111,0,117,76,66,County General Hospital,Good,12-Sep-2008 19:40:00
Female,Howard,29,134,0,123,80,68,VA Hospital,Excellent,03-Nov-2010 02:11:00
Male,Ward,36,189,0,123,80,71,St. Mary's Medical Center,Good,04-Dec-2013 06:22:00
Female,Torres,45,137,0,119,79,70,County General Hospital,Excellent,27-Jul-2008 08:27:00
Female,Peterson,32,136,0,110,82,60,County General Hospital,Excellent,27-Feb-2014 16:58:00
Female,Gray,31,130,0,121,79,64,VA Hospital,Excellent,17-Feb-2009 03:09:00
Female,Ramirez,48,137,1,138,82,64,County General Hospital,Excellent,02-Apr-2016 17:51:00
Male,James,25,186,0,125,75,66,County General Hospital,Good,07-Nov-2009 02:38:00
Female,Watson,40,127,1,122,91,64,VA Hospital,Fair,10-Apr-2014 15:22:00
Male,Brooks,39,176,0,120,74,72,St. Mary's Medical Center,Excellent,23-Oct-2008 11:11:00
Female,Kelly,41,127,0,117,78,65,St. Mary's Medical Center,Poor,01-Mar-2009 18:25:00
Female,Sanders,33,115,1,125,85,67,St. Mary's Medical Center,Excellent,02-Dec-2007 17:28:00
Male,Price,31,178,1,124,84,72,VA Hospital,Fair,05-May-2012 21:07:00
Female,Bennett,35,131,0,121,75,64,County General Hospital,Fair,19-Mar-2013 21:35:00
Male,Wood,32,183,0,118,78,68,St. Mary's Medical Center,Poor,21-Apr-2012 08:13:00
Male,Barnes,42,194,0,120,81,66,County General Hospital,Excellent,19-Aug-2011 16:23:00
Female,Ross,48,126,0,118,79,64,VA Hospital,Good,13-Jun-2013 04:34:00
Male,Henderson,34,186,0,118,85,68,St. Mary's Medical Center,Good,16-May-2013 00:15:00
Male,Coleman,39,188,0,122,79,69,VA Hospital,Excellent,09-Oct-2013 17:17:00
Male,Jenkins,28,189,1,134,82,69,County General Hospital,Good,21-Aug-2013 12:37:00
Female,Perry,29,120,0,131,80,64,St. Mary's Medical Center,Good,06-Jul-2016 11:15:00
Female,Powell,32,132,0,113,80,63,VA Hospital,Excellent,20-Dec-2009 21:49:00
Male,Long,39,182,1,125,92,68,County General Hospital,Good,06-Apr-2014 14:58:00
Female,Patterson,37,120,1,135,92,65,County General Hospital,Poor,11-Oct-2009 14:43:00
Female,Hughes,49,123,1,128,96,63,County General Hospital,Good,18-Oct-2008 20:20:00
Female,Flores,31,141,1,123,87,66,VA Hospital,Good,22-May-2013 19:35:00
Female,Washington,37,129,0,122,81,65,St. Mary's Medical Center,Good,03-Jul-2011 13:06:00
Male,Butler,38,184,1,138,90,68,County General Hospital,Excellent,27-Jan-2011 04:54:00
Male,Simmons,45,181,0,124,77,71,VA Hospital,Excellent,22-Jan-2013 05:52:00
Female,Foster,30,124,0,130,91,70,St. Mary's Medical Center,Fair,14-Jul-2014 21:49:00
Male,Gonzales,48,174,0,123,79,71,County General Hospital,Good,13-Oct-2010 00:15:00
Female,Bryant,48,134,0,129,73,66,County General Hospital,Excellent,13-Dec-2013 11:35:00
Male,Alexander,25,171,1,128,99,69,County General Hospital,Good,09-Feb-2011 04:01:00
Male,Russell,44,188,1,124,92,69,VA Hospital,Good,15-Jul-2015 23:25:00
Male,Griffin,49,186,0,119,74,70,County General Hospital,Fair,15-Jun-2015 17:18:00
Male,Diaz,45,172,1,136,93,68,County General Hospital,Good,23-Jan-2009 12:09:00
Male,Hayes,48,177,0,114,86,66,County General Hospital,Fair,23-May-2013 11:10:00
